flair_code,abbreviation,scope,note
atl,ATL,team,
bkn,BKN,team,
bos,BOS,team,
cha,CHA,team,
chi,CHI,team,
cle,CLE,team,
dal,DAL,team,
den,DEN,team,
det,DET,team,
gsw,GSW,team,
hou,HOU,team,
ind,IND,team,
lac,LAC,team,
lal,LAL,team,
mem,MEM,team,
mia,MIA,team,
min,MIN,team,
mke,MIL,team,
nol,NOP,team,
nyk,NYK,team,
okc,OKC,team,
orl,ORL,team,
phi,PHI,team,
phx,PHX,team,
por,POR,team,
sac,SAC,team,
sas,SAS,team,
tbr,TOR,team,
tor,TOR,team,
uta,UTA,team,
was,WAS,team,
gd,,other,"Gran Destino, a joke flair"
nba,,league,r/nba's own badge
sea,,other,"Supersonics, a defunct franchise with no current team"
vote,,other,"meta flair, label is empty"
wc,,other,"Western Conference, not a club"
